$AUTPA42.BO$BURRB51.BO3IINFOTECH.BO3MINDIA.NS3MINDIA6.BOA2ZINFRA.BOA2ZINFRA.NSA2ZMES6.BOAADHAARVEN.BOAAGAMCAP.BOAANCHALISP.BOAANKITG.BOAARTIIND.NSAARVEEDEN.BOAARYAGLOBL.BOAASHEE.BOAASHEESH.BOABAN.BOABAN.NSABAN6.BOABB4.BOABB6.BOABCBEARS.BOABCBEARS6.BOABCINDQ.BOABG.BOABGSHIP.NSABGSHIP6.BOABIRAFN.BOABIRLANUV.NSABIRLANUVO.BOABIRLANUVO6.BOACC.BOACC.NSACC4.BOACC6.BOACCEL.BOACCELYA.NSACCELYA6.BOACCENTECH.BOACCLAIM.BOACCUEXPO.BOACCURATE.BOACE-BE.NSACE.BOACEEDU.BOACESOFT.BOACHAL.BOACIASIA.BOACIIN.BOACIL.BOACKNIT.BOACME.BOACROPETAL-BE.NSACROPETAL.BOACROPETAL.NSACROW.BOACRYSIL.BOACTIONFI.BOADAMCO.BOADANIENT.BOADANIENT.NSADANIENT4.BOADANIENT6.BOADANIPORT.NSADANIPORTS.BOADANIPORTS4.BOADANIPORTS6.BOADANIPOWE.NSADANIPOWER.BOADANIPOWER4.BOADANIPOWER6.BOADARCHM.BOADARSHPL.BOADCC.BOADFFOODS.BOADFFOODS.NSADHUNIK.BOADHUNIK.NSADIEXRE.BOADINATHBI.BOADIRASA.BOADITYAINF.BOADITYPL.BOADLABS-EQ.NSADLABS.BOADMANUM.BOADORFO.BOADORMUL.BOADORWELD-BE.NSADORWELD.BOADSDIAG.BOADSL-EQ.NSADSL.BOADSL.NSADSLBBPH.BOADTYFRG.BOADVANIHOT.NSADVANIHOTR-EQ.NSADVANIHOTR.BOADVANTA-BE.NSADVANTA.BOADVANTA.NSADVANTA6.BOADVENT.BOADVIKLA.BOADVMULT.BOADVNCMIC.BOADVPETR-B.BOADVPOWER.BOAEC.BOAEGISLOBBPH.BOAEGISLOGBB.BOAEL.BOAEONIA.BOAFEL.BOAFL-BE.NSAFL.NSAFTEK-BE.NSAFTEK-BZ.NSAFTEK.BOAFTEK.NSAFTEK6.BOAGCNET.NSAGIIL.BOAGIOPAPER.BOAGRITECH-BE.NSAGRITECH-EQ.NSAGRITECH.BOAGRITECH.NSAGRMARI.BOAGRODUTCH-BE.NSAGRODUTCH.BOAGRODUTCH.NSAHIMSA-SI.NSAHIMSA-SL.NSAHLCONQ.BOAHLEAST.NSAHLUCONT.BOAHLWEST.BOAHMDSTE.BOAHMEDFORGE.BOAIAENG.BOAIAENG.NSAIAENG6.BOAICHAMP-EQ.NSAIFL.BOAIL4.BOAIL6.BOAISHWARYA.BOAJANTPHAR.NSAJANTPHARM.BOAJBRO.BOAJCON.BOAJIL.BOAJMERA.NSAJWAFUN.BOAKAIMPX.BOAKARLAMIN.BOAKARTOOL.BOAKCAPIT.BOAKSCHEM.BOAKSHOPTFB.NSAKSHOPTFBR.BOAKSPINTEX.BOAKZOINDIA.BOAKZOINDIA.NSAKZOINDIA6.BOALACRIEL.BOALANGIND.BOALANGMR-B.BOALANKIT-EQ.NSALANKIT.BOALANKIT.NSALANSCOTT.BOALBERTDA.BOALBK.BOALBK.NSALBK6.BOALCHCORP.BOALCHEM.BOALCHEM.NSALCHEM6.BOALEMBICLT.NSALERPTR.BOALFAICA.BOALFATRAN.BOALICON.BOALICON.NSALKADIA.BOALKALI-BE.NSALKALI.BOALKASEC.BOALKYLAMIN.NSALKYLAMINE.BOALLCARGO.BOALLCARGO.NSALLCARGO6.BOALLMEPR.BOALLSEC-EQ.NSALLSEC.BOALLSOFT.BOALMONDZ-BE.NSALMONDZ-EQ.NSALMONDZ.BOALOKTEXT.BOALOKTEXT.NSALPA-EQ.NSALPGRAPH.BOALPHA.BOALPHAGEO-BE.NSALPINEHOU-BE.NSALPINEHOU.BOALPINFN.BOALPSINDUS-BE.NSALPSINFO.BOALPSMOTOR.BOALSAMRN-B.BOALSL.BOALSTOMT&D6.BOALSTONE.BOALUFLUOR.BOALUMECO.BOAMAL.BOAMALGAM.BOAMARAJABAT-EQ.NSAMARAJABAT.BOAMARJOTHI.BOAMARSEC.BOAMBALALSA.BOAMBICAAGAR.BOAMBIKCO.BOAMBIT.BOAMBITION.BOAMBJZNC.BOAMBUJACEM.BOAMBUJACEM.NSAMDIND-BE.NSAMICOMP.BOAMISNFD.BOAMITINT.BOAMITSEC.BOAMLSTEEL-BE.NSAMMLTD.BOAMNPLST.BOAMRAAGRI.BOAMRAFIN.BOAMRUTANJAN-BE.NSAMRUTANJAN.BOAMSONS.BOAMTEKAUTO.BOAMTEKAUTO.NSAMTEKAUTO6.BOAMTEKBBPH.BOAMTEKINDIA-BE.NSAMTEKINDIA.BOAMTEKINDIA6.BOAMTL-BE.NSAMTL.BOAMULEAS.BOANANDCR.BOANANROT.BOANANTRAJ.BOANANTRAJ6.BOANARINDUS.BOANDHRABAN.NSANDHRABANK.BOANDHRABANK4.BOANDHRACEMT-BE.NSANDHRACEMT.BOANDHRSUGA.NSANDHRSUGAR.BOANDREWYU.BOANGIND-BE.NSANGIND.BOANGIND.NSANGL.BOANIKINDS-BE.NSANIKINDS.BOANIKINDS.NSANJANI.BOANJANIDHAM.BOANJANIFIN.BOANKIN.BOANKITMETAL-EQ.NSANKITMETAL.BOANKURDRUGS.BOANKUSHFI.BOANNAINFRA.BOANNTHMS.BOANSALAPI-BE.NSANSALAPI.BOANSALAPI.NSANSALAPI6.BOANSALBU.BOANSALHBBPH.BOANSALHSG.NSANSHUS.BOANTGRAPHIC-BE.NSANUBHAV.BOANUHPHR.BOANUJEWL.BOANULABS.BOAPARINDS.BOAPARINDS.NSAPCL.BOAPCOTEXBBPH.BOAPCOTEXIN.NSAPCOTEXIND.BOAPIS.BOAPLAB-BE.NSAPLAB.NSAPLAPOLL.BOAPLAPOLLO.BOAPLAPOLLO.NSAPLAYA.BOAPLLTD.BOAPLLTD.NSAPLOTYRBBPH.BOAPOLLOFI.BOAPOLLOHOS.NSAPOLLOHOSP-EQ.NSAPOLLOHOSP.BOAPOLLOHOSP4.BOAPOLLOHOSP6.BOAPOLLOTYRE-EQ.NSAPOLLOTYRE.BOAPOLLOTYRE6.BOAPOLSINHOT-BE.NSAPPLECREDT.BOAPPOSTO.BOAPTANN.BOAPTEAML.BOAPTECHBBPH.BOAPTECHT.BOAPTECHT.NSAPTECHT6.BOAPTEK6.BOAQUA.NSARAVALIS.BOARCEEIN.BOARCHIDPLY-BE.NSARCHIES.BOARCHIES6.BOARCOTECH.BOARCPR.BOARENTERP.BOAREXMIS.BOAREYDRG.BOARFIN.BOARHTIND.BOARIAC.BOARIES.NSARIHANT-EQ.NSARIHANT.BOARIHANT.NSARIHANTCOT.BOARIHANTIND.BOARIHCAPM.BOARISE.BOARISINT.BOARLABS.BOARNMNTX.BOARNPROC.BOAROCSIL.BOAROGRANIT.NSAROGRANITE.BOAROMAENT.BOARROWTEX-EQ.NSARROWTEX.BOARSHIYA.NSARSHIYA6.BOARSPP.BOARSSINFRA.BOARSSINFRA.NSARTEFACT.BOARTKPOW.BOARTSONEN.BOARUMUGA.BOARUNAHTEL.BOARUNODAY.BOARVIND.BOARVIND.NSARVIND6.BOARVINDIN.BOARVINDREM-BZ.NSARVINDREM.BOARVINDREM.NSARVINFRA-BE.NSARVINFRA.BOARVRTRI.BOARYAMAN.BOASAHIIND.BOASAHIINDI.NSASAHIINDIA-EQ.NSASAHIINDIA.BOASAHILR.BOASAHISONG-BE.NSASAHISONG.NSASAL.BOASAL.NSASALCBR.BOASCENTEX.BOASHAI.BOASHAPURMI.NSASHCONIUL.BOASHCONIUL.NSASHFL.BOASHIANA.BOASHIANA.NSASHIMASYN-BE.NSASHIMASYN.BOASHIMASYN.NSASHIS.BOASHISHPO.BOASHOKA.NSASHOKALC.BOASHOKCT.BOASHOKLEY.BOASHOKLEY.NSASHOKLEY4.BOASHOKLEY6.BOASHOKRE.BOASHRAM.BOASHSI.BOASHUTPM.BOASIACAP.BOASIANAL-B.BOASIANELEC-BZ.NSASIANELEC.BOASIANFILMS.BOASIANFR.BOASIANHOTN.NSASIANHOTNR.BOASIANPAIN.NSASIANPAINT.BOASIANPAINT4.BOASIANPAINT6.BOASIANTILE.NSASIANTILES-BE.NSASIANTILES.BOASIANTNE.BOASIANVE.BOASIAREF.BOASIFOOD.BOASIL-BE.NSASIL.NSASINPET.BOASINSTR.BOASITCFIN.BOASMTEC.BOASSAMCO.BOASSAMCO.NSASSCERL.BOASSMRMO.BOASSOCER.BOASSOSTNB.BOASTAR.BOASTEC.BOASTEC.NSASUTENT.BOASYAINFO.BOATCOM.BOATCOM6.BOATHARVENT.BOATISHAY.BOATLANTADEV.BOATLASCYCL.NSATLASCYCLE.BOATNINTER-BE.NSATNINTER-EQ.NSATNINTER.NSATOTNSN.BOATULAUTO-BE.NSATULAUTO-EQ.NSATULAUTO.BOATWL.BOAUNDEIND.BOAURANPAP.BOAURIONPRO.NSAUROCOK.BOAUROLAB.BOAUROPHARM.NSAUROPHARMA4.BOAUROPHARMA6.BOAUSOMENT-BE.NSAUSOMENT.BOAUSOMENT.NSAUSTENG.BOAUSTENGBBPH.BOAUSTRAL-BE.NSAUSTRAL.BOAUSTRAL.NSAUTOAXLES.BOAUTOAXLES.NSAUTOIND.NSAUTOINT.BOAUTOLITIND.BOAUTOPAL.BOAUTOPINS.BOAUTORIDFIN.BOAVANTEL.BOAVANTI.BOAVANTI.NSAVANTIFEE.NSAVANTIFEED-EQ.NSAVI.BOAVINF.BOAVIPHOT.BOAVIVA.BOAVNCPRN.BOAVONCORP.BOAVONMERC.BOAVONORG.BOAVTNPL.BOAVTNPL.NSAXELPOLY.BOAXIS.BOAXISBANK-IL.NSAXISBANK.BOAXISBANK.NSAXISBANK6.BOAXISCADES-EQ.NSAXISCADES.BOAXISGOLD.NSAXONFIN.BOAXTEL.BOAYPLAMI.BOAZUREEXIM.BOBABA.BOBAFEG.BOBAFNASP.BOBAGALKOT.BOBAGFILMS.NSBAJAJ-AUT.NSBAJAJ-AUTO-EQ.NSBAJAJ-AUTO.BOBAJAJ-AUTO4.BOBAJAJCORP.NSBAJAJELEC.NSBAJAJHIND.BOBAJAJHIND.NSBAJAJHLDN.NSBALAJHOTEL.BOBALAJITEL.NSBALAMINES.NSBALASORE.BOBALFC.BOBALJHOT.BOBALPHARMA.NSBALRAMCHIN-EQ.NSBALRAMCHIN.BOBALTE.BOBAMBINO.BOBANARBEADS.BOBANARISUG.BOBANARISUG.NSBANG-BE.NSBANG.BOBANG.NSBANKBAROD.NSBANKBARODA.BOBANKBARODA4.BOBANKBEES.BOBANKBEES.NSBANKINDIA.NSBANKINDIA4.BOBANKINDIA6.BOBAROELE.BOBARONINF.BOBASANTGL.BOBASML-EQ.NSBASML.BOBASML.NSBATAINDIA.NSBAYERCROP.BOBBL.BOBBL.NSBCCFIN.BOBCCFUBA.BOBCL.BOBCPAL.BOBDH.BOBECREL.NSBEELE.BOBEL.BOBEL.NSBEL4.BOBEL6.BOBELAGRO.BOBEML.NSBENARAS.BOBENGALASM.BOBEPL-BE.NSBERGEPAIN.NSBESTEAST.BOBFUTILITI.NSBFUTILITIE-BE.NSBFUTILITIE.BOBFUTILITIE6.BOBGRENERGY.BOBGRENERGY.NSBGRENERGY6.BOBGWTATO.BOBHAGCHEM.BOBHAGERIA.BOBHAGWOX.BOBHANDERI.BOBHARATFOR.NSBHARATFORG.BOBHARATSE.BOBHARTIART.NSBHARTIARTL.BOBHARTIARTL6.BOBHASKAGR.BOBHEL.BOBHEL.NSBHEL4.BOBHEL6.BOBHILTEX.BOBILENERGY.BOBILENERGY.NSBINDALAGR.NSBINDALAGRO-BE.NSBIOCON.BOBIOCON.NSBIOCON6.BOBIOPAC.BOBIOWIN.BOBIRLACORPN.BOBIRLACORPN6.BOBIRLAERIC-BE.NSBIRLAERIC.BOBIRLAERIC.NSBIRLAMONEY-BE.NSBIRLAMONEY-EQ.NSBIRLAMONEY.BOBITL.BOBLCISER.BOBLEBLNI.BOBLFL.BOBLISSGVS.BOBLKASHYAP.BOBLUEDART.BOBLUEDART.NSBNANJEN.BOBNRSEC.BOBNRUDY.BOBOBSHELL.BOBOMBCYC.BOBOMDYEING.NSBOMOXY-B1.BOBOSCHLTD.BOBOSCHLTD.NSBOSTON.BOBPCL.NSBPL.BOBPL.NSBRAHMANAN.BOBRAHMINFRA.BOBRAKAUT.BOBRIGADE.NSBRITANNIA.NSBROOKS.NSBRPL.BOBSLFEFS4RN.BOBSLGOLDET.NSBSLIMITED.BOBSLRGES1RG-MF.NSBTTL.BOBURNPUR.BOBUTTERFLY-EQ.NSBUTTERFLY.BOCADILAHC.BOCADILAHC.NSCAIRN.BOCAIRN.NSCALSOFT.NSCANBK.NSCANFINHOM.NSCANFINHOME.BOCAPF.NSCAPLIPOINT-EQ.NSCAPPL.BOCARBORUNI.NSCARBORUNIV-IL.NSCARBORUNIV.BOCAREERP.NSCARERATIN.NSCASTEXTECH-BE.NSCASTROLIND-EQ.NSCASTROLIND6.BOCATECH.BOCBCSL.BOCCCL.BOCCHHL.BOCCLINTER.BOCEATFIN.BOCEATLTD.BOCEATLTD.NSCEBBCO-BE.NSCEBBCO.BOCEBBCO.NSCEENIK.BOCELUPRO.BOCENTENKA.BOCENTENKA.NSCENTENKA6.BOCENTEXT.BOCENTEXT.NSCENTRALBK.BOCENTRALBK.NSCENTRALBK6.BOCENTUM-BE.NSCENTUM-EQ.NSCENTUM.BOCENTURYPL.NSCENTURYPLY.BOCENTURYTE.NSCENTURYTEX4.BOCENTURYTEX6.BOCERA.NSCEREBRAINT-EQ.NSCESC.NSCESL.BOCGVAK.BOCHAMANSEQ.BOCHAMBLFER.NSCHAMBLFERT4.BOCHANDNI.BOCHARMGR.BOCHEMFALKA.NSCHEMFALKAL.BOCHENNPETR.NSCHIPLUN.BOCHMBBRW.BOCHOKGLB.BOCHOKINT.BOCHOLAFIN.BOCHOLAFIN.NSCHORDIA.BOCHOWGULSTM.BOCHROMATIC.NSCIGNITITEC-EQ.NSCIMMCO.BOCINDHO.BOCINERAD.BOCIPLA.NSCISTRO.BOCLARICH.BOCLASSICB.BOCLNINDIA.BOCLNINDIA.NSCLUTCHAUTO-BE.NSCLUTCHAUTO-BZ.NSCLUTCHAUTO-EQ.NSCMAHENDRA-BZ.NSCMAHENDRA6.BOCNEL.BOCOALINDIA.BOCOALINDIA.NSCOCHMAL.BOCOFFEEDAY-EQ.NSCOFFEEDAY.BOCOLINZ.BOCOLPAL.NSCOLPAL4.BOCOLPAL6.BOCOMCL.BOCOMMEXTECH.BOCOMPEAU.BOCOMPSKIL.BOCOMPUAGE.BOCOMPUDYNE.BOCONART.BOCONCOR.BOCONCOR.NSCONEQUE.BOCONFINT.BOCONTICON.BOCONTROLPR.BOCORAGRO.BOCORAL-HUB.BOCOREEDUTEC-BE.NSCOREEDUTEC-BZ.NSCOREEDUTEC.BOCOROENGG-EQ.NSCOROENGG.BOCOROMANDE.NSCOROMANDEL6.BOCORPBANK.NSCORPOCO.BOCOSMOFILM.NSCOX&KINGS.NSCOX&KINGS6.BOCPSEETF.BOCRANESSOFT6.BOCRAZYINF.BOCRBARIH.BOCREATIVEY.NSCREATIVEYE-EQ.NSCRESTANI-BZ.NSCRESTANI.BOCRESTANI.NSCRESTANI6.BOCRIMSON.BOCRISIL-.BOCRMFGETF-EQ.NSCROMPGREA.NSCROMPGREAV.BOCRYPTAG.BOCRYSTALC.BOCSURGSU.BOCTE-BE.NSCTE.BOCTE.NSCUB-IL.NSCUB.BOCUB.NSCUB6.BOCUBIFIN.BOCYBERSC.BOCYBERTECH.BOCYIENT.BOCYIENT6.BODAAWAT.BODABUR.NSDALMIABHA.BODALMIASUG.NSDARSHAN.BODASL.BODATAMATICS.BODATAPRO.BODBREALTY.BODBREALTY.NSDBSTOCKBRO.BODCHL6.BODCM.NSDCMSHRIRAM-EQ.NSDCW.NSDELTACORP.BODELTACORP.NSDEN.BODENABANK.BODENABANK.NSDERPC.BODESHRAK.BODESIGNAU.BODEVHARI.BODEVIKA.BODFM.BODHAMPURSU.NSDHAMPURSUG.BODHANBANK.BODHANBANK6.BODHANFAB.BODHANUKA.NSDHARI.BODHARNAG.BODHARNOV.BODHARTEX.BODHFL.NSDHOOTIND.BODHRUVCA.BODHRUVES.BODHUNINV.BODHUNINV.NSDHYANAFIN.BODIANATEA.BODIAPOWER.BODIAPOWER.NSDICIND.BODICIND.NSDIGJAM.NSDISHMAN.BODISHTV.BODISHTV.NSDIVINEENT.BODIVISLAB.NSDKARTAV.BODLF.BODLF.NSDMCEDU.BODOLPHINOF.NSDOLPHINOFF.BODOWELWE.BODQE.BODQE.NSDRAGARWQ.BODRAVIND.BODREDGECORP6.BODRREDDY.BODRREDDY.NSDRREDDY6.BODUCTA.BODUNCANSLTD-BE.NSDWITIYA.BODWSFMP47DG-MF.NSDWSHYD13GP-MF.NSDYNAVSN.BODYNMICR.BOEASTBUILD.BOEASTRED.BOEASTSILK-BE.NSEASTSILK-EQ.NSEASTSILK.BOEASTSILK.NSEASTSUGIND.BOEASUNREYR.NSEASUNREYRL-EQ.NSEBEPH.BOEBFL.BOECEIND-BE.NSECEIND.BOECEIND.NSECEINDBBPH.BOECGIL.BOECLERX.NSECLERXBBPH.BOECOBOAR.BOECORECO.BOECSTSTL.BOEDELWEISS-BE.NSEDELWEISS.BOEDELWEISS.NSEDELWEISS6.BOEDL-BE.NSEDL.BOEDL.NSEDSERV.BOEDSL.BOEDUCOMP.BOEDUCOMP.NSEDUCOMP4.BOEDUCOMP6.BOEDUEXEL.BOEFPL.BOEFSLBBPH.BOEICHERMOT.BOEICHERMOT.NSEICHERMOT6.BOEIDERTELE.BOEIDPARRY.BOEIDPARRY.NSEIDPARRY6.BOEIDRELE.BOEIHAHOTEL.NSEIHOTEL4.BOEIHOTEL6.BOEIMCOELEC.NSEIMCOELECO-BE.NSEIMCOELECO.BOEINSEDUTEC.BOEKAMLEA.BOEKC.BOEKC.NSELAND-EQ.NSELAND.BOELAND.NSELANGO.BOELANTAS.BOELBEE.BOELDEHSG.BOELDERHCL.BOELDERPG.BOELDERPHAR.NSELDERPHARM-BE.NSELDERPHARM.BOELDERPHARM6.BOELECON-EQ.NSELECON.NSELECON6.BOELECTCAST.NSELECTCAST6.BOELECTHERM.BOELECTHERM.NSELEFLOR.BOELEMARB.BOELEXT.BOELFORGE-BE.NSELFORGE.BOELFORGE.NSELFTRDG.BOELGIEQUIP.BOELGIEQUIP.NSELGIEQUIP6.BOELGIRUBCO.NSELITE-IT.NSELIXIR.BOELLENBARR.BOELLOPAP.BOELNET-BE.NSELNET.BOELNET.NSELPROINTL.BOELQPO.BOEMAINDIA.BOEMAMIINFR.NSEMAMIINFRA-BE.NSEMAMIINFRA-EQ.NSEMAMILTD.BOEMAMILTD.NSEMAMIPAP.BOEMCO-BE.NSEMCO.BOEMEDTECH.BOEMETALSI.BOEMGEECA.BOEMKAR.BOEMKAY-EQ.NSEMKAYIN.BOEMKAYTOOLS-SM.NSEMMBI.BOEMMESSA.BOEMMSONS.BOEMPEESUG-BE.NSEMPEESUG.BOEMPEESUG.NSEMPHOTR.BOEMPIND.BOENBETRD.BOENCASH.BOENCHANTE.BOENERGYDEV-BE.NSENGINERSI.NSENGINERSIN.BOENGINERSIN6.BOENIL.BOENIL.NSENIL6.BOENJNATF.BOENKEIWHEL.BOENNORE.BOENSOSECUT.BOENSSI.BOENTEGRA-BE.NSENTEGRA-EQ.NSENTEGRA.NSENTEGRA6.BOENVAIREL.BOENVCLEN.BOEON-BE.NSEON-EQ.NSEON.BOEON.NSEONOUR.BOEPIC.BOEPICENZY.BOEPIEP6.BOEQUPCON.BOERABUILD.BOERAINFRA-BE.NSEROSMEDIA.BOEROSMEDIA.NSEROSMEDIA6.BOERPSOFT.BOESABINDIA.BOESABINDIA.NSESARIND.BOESCORTS.BOESCORTS6.BOESCORTSFIN.BOESL.BOESL.NSESQRMON.BOESSAROIL-BE.NSESSAROIL.NSESSAROIL4.BOESSARPORT.NSESSARPORTS.BOESSARSHPNG-BE.NSESSARSHPNG-EQ.NSESSDEE.BOESSDEE.NSESSDEE6.BOESSELPACK.NSESSELPACK6.BOESSELPRO.BOESSKAY.BOESSRINV.BOESTAR.BOESTBIOLR.BOESTER-BE.NSESTER.BOESTER.NSESTMNAL.BOESTPP.BOETIL.BOETPCORP.BOETT.BOEUREKAI.BOEUROASIA.BOEUROCERA-BE.NSEUROCERA.NSEUROLED.BOEUROMULTI-BE.NSEUROMULTI.BOEUROMULTI.NSEUROSOFTAL.BOEUROTEXIN.NSEUROTEXIND.BOEVEREADY-BE.NSEVEREADY.BOEVEREADY.NSEVERESTIN.NSEVERESTIND-BE.NSEVERESTIND.BOEVERLON.BOEVERONN-BE.NSEVERONN.BOEVERONN.NSEVERONN6.BOEVERTEX.BOEVINIX.BOEXCEL-EQ.NSEXCEL.BOEXCEL.NSEXCELCROP-BE.NSEXCELCROP.BOEXCELCROP.NSEXCELINDU.NSEXCELINFO.BOEXELON.BOEXIDEIND.BOEXIDEIND.NSEXIDEIND6.BOEXOTICCOAL.BOEXPLICITFIN.BOEXPOGAS.BOEXTCO.BOFABWRT.BOFACT.BOFAIRDSY.BOFCEL-EQ.NSFCEL.BOFCEL.NSFCEL6.BOFDC.NSFEDDERLOY.NSFEDERALBN.NSFEDERALBNK-IL.NSFILATEX-BE.NSFILATEX.NSFILTRON.BOFINCABLES.NSFINPIPE6.BOFIRSTLEAS.NSFIRSTLEASE-BZ.NSFLEXITUFF.BOFMGOETZE.NSFORCEMOT.BOFORTIS.NSFORTISMLR.BOFOSCL.BOFRL-EQ.NSFRL.BOFRLDVR6.BOFSL.BOFSL.NSFUTURSEC.BOGAEL.BOGAEL.NSGAIL.NSGAL.BOGALAGEX.BOGAMIE.BOGAMMNINFR.NSGAMMNINFRA.BOGAMMONIND.NSGANECOS-EQ.NSGANECOS.NSGARDENSILK.BOGARNET.BOGARWALLROP.BOGATI.BOGATI.NSGAYAPROJ.NSGBLINFRA.BOGCMCAPI.BOGDL.NSGDL6.BOGEECEE.BOGEINDSYS.BOGEMOIL.BOGENERAAGRI.BOGENESYS.BOGENNEX.BOGENUSPOWER-EQ.NSGENUSPOWER.BOGEOJITBNPP.BOGEOMETRIC.BOGESHIP4.BOGGAUTO.BOGGDANDE.BOGICHSGFIN.NSGILLANDER.NSGILLANDERS-EQ.NSGILLANDERS.BOGILLETTE.NSGINISILK.BOGINNIFILA.NSGISL.BOGISOLUTIO.NSGISOLUTION-BE.NSGISOLUTION-EQ.NSGISOLUTION.BOGITANJALI.BOGITANJALI.NSGITANJALI4.BOGITANJALI6.BOGKB.BOGKB.NSGKFIN6.BOGLAXO.BOGLAXO.NSGLENMARK.NSGLFL.BOGLOBALCA.BOGLOBOFFS-BE.NSGLOBOFFS.BOGLOBOFFS.NSGLOBUSSPR.NSGLXYENT.BOGMBREW.NSGMRINFRA.BOGMRINFRA.NSGODFRYPHL.NSGODREJCP.NSGODREJIND.BOGODREJIND.NSGOKAKTEX.BOGOKEX.BOGOLDBEES.BOGOLDCORP.BOGOLDENTOBC-EQ.NSGOLDSHARE.BOGOLDSHARE.NSGOLKONDA.BOGOODLUCK-EQ.NSGOODRICKE.BOGOYALASS.BOGPIL.BOGPIL.NSGPPL.NSGRANDMA.BOGRANULES.NSGRAPHITE.NSGRASIM.BOGRAUWEIL.BOGRCABLE.BOGREAVESCO.NSGREENFIRE-EQ.NSGREENPLY-BE.NSGREENPOWER-BE.NSGREYCELLS.BOGRMOVER.BOGRUH.NSGSCLCEMENT-BE.NSGSFC.BOGSKCONS.BOGSKCONS.NSGSS.BOGTL.NSGTL6.BOGTLINFRA.BOGTLINFRA.NSGTOFFSHORE.BOGTOFFSHORE6.BOGTV.BOGUFICBIO.BOGUFICBIO.NSGUJALKALI.BOGUJALKALI6.BOGUJARTH.BOGUJBOROS.BOGUJCRAFT.BOGUJFLUORO.BOGUJHOTE.BOGUJNRECOK.NSGUJNRECOKE6.BOGUJPOLYA.BOGUJTHEM.BOGULFCORP-BE.NSGULFOIL6.BOGULFOILLUB-BE.NSGULFOILLUB.BOHANILERA.BOHARIAAPL.BOHARIAEXPO.BOHARITASEAT.BOHARRMALAY.NSHATHWAY6.BOHATHWAYB.BOHATSUN-EQ.NSHATSUN.BOHAVELLS.BOHAVELLS.NSHAWAENG.BOHBESD.BOHBSTOCK.BOHCC.BOHCC.NSHCIL.BOHCIL6.BOHCL-INSYS.BOHCL-INSYS.NSHCL-INSYS6.BOHCLTECH.BOHCLTECH.NSHCPO36MORG-MF.NSHDFC.NSHDFCBANK.BOHDFCBANK.NSHDFCMFGET.NSHDIL.BOHDIL.NSHEG.NSHEIDELBER.NSHEMORGANIC.BOHERITGFOOD.BOHEROMOTOC.NSHEROMOTOCO.BOHEROMOTOCO4.BOHESTERBIO.BOHEXATRADEX.BOHEXAWARE.BOHEXAWARE.NSHFCL.BOHFCL.NSHIGHENE.BOHIGHGROUND.BOHIL-BE.NSHIMATAUT.BOHIMATSEID.NSHIMIN.BOHINDALCO.BOHINDALCO.NSHINDALUMI.BOHINDBIO.BOHINDDORRO.NSHINDDORROL.BOHINDIND.BOHINDOILEX.NSHINDOILEXP.BOHINDOILEXP6.BOHINDPETRO.BOHINDPETRO.NSHINDUJAFO.NSHINDUNILV.NSHINDUNILVR-EQ.NSHINDUNILVR.BOHINDZINC.NSHIRAN.BOHISARMET.BOHITACHIHOM.BOHMT.BOHMVL.BOHOCL.BOHOCL.NSHONAUT.BOHONAUT.NSHONDAPOWER.BOHOTELEELA.NSHOVS.BOHOVS.NSHPCBL.BOHRBFLOR.BOHRGESSRD1-MF.NSHSIL.BOHSIL.NSHTMEDIA.BOHULTDBBPH.BOHYDEQUI.BOIBREALEST.NSIBREALEST6.BOIBULHSGFIN-EQ.NSIBULHSGFIN.BOIBWSL.BOICICIBANK.BOICICIBANK.NSICICIBANK6.BOICIL.BOICIL.NSICRA.BOICSA-BE.NSICSA.NSIDBI.BOIDBI.NSIDBIGOLD.BOIDEA.BOIDEA.NSIDFC-IL.NSIDFC.NSIDFCBANK-EQ.NSIDFCBANK.BOIDFCEOS1DD.BOIDFCEOS2DD.BOIDFCEOS2RD.BOIDFCEOS3DD.BOIDFCEOS3RD.BOIDR1ADP-MF.NSIFBAGRO.BOIFBAGRO.NSIFBIND.NSIFCI.NSIFGLREFRAC.BOIFSL.BOIGL4.BOIGOLD-EQ.NSIGOLD.BOIIFL-EQ.NSIIFL6.BOIIFLNIFTY-EQ.NSIITL.BOIL&FSENGG-BE.NSIL&FSENGG.BOIL&FSENGG.NSILFSTNLLR.BOINANI.BOINCON.BOINDAG.BOINDECOM.BOINDELTC.BOINDIACEM.NSINDIANACRY.BOINDIANB.NSINDIGO-EQ.NSINDLMETER.BOINDNIPPON.BOINDNIPPON.NSINDOAMIN.BOINDOASIAF.BOINDOASIAP.BOINDOBORAX.BOINDOCO.BOINDOEURO.BOINDOFREB.BOINDOGLOBAL.BOINDOSOLAR.NSINDOWIND-BE.NSINDOWIND.BOINDOWIND.NSINDPRUD.BOINDRAMEDC.NSINDSWFTLTD-BE.NSINDTONER.BOINDUNISS.BOINDUSINDB.NSINDUSINDBK.BOINDUSINDBK4.BOINDXTRA.BOINFINITE.NSINFODRIVE.BOINFODRIVE.NSINFOMEDIA-EQ.NSINFRAQUEST.BOINFRATEL.BOINFRATEL.NSINFTE6.BOINFY.BOINFY.NSINGERRAND.NSINIFTY-EQ.NSINNOCORP.BOINNOVIS.BOINOXLEISU.NSINOXLEISUR.BOINSECTICID.BOINSOE.BOINTEGSW.BOINTELLADV.BOINTELLECT-EQ.NSINTELLECT.BOINTELVIS.BOINTERDIGI.BOINTLCOMBQ.BOINTLNKP.BOINTRUBI.BOINTSTOIL.BOINVENTURE.NSIOB.BOIOB.NSIOB4.BOIOB6.BOIOC.BOIOC.NSIOC4.BOIOC6.BOIOLCP.BOIOLCP.NSIONEXCHANG.BOIPAPPM.BOIPAPPM6.BOIPCALAB.NSIPGETF.NSIPRINGLTD.NSIPRU2488.BOIPRU2715.BOIPRU8688.BOIPRU8793.BOIPRU8917.BOIPRU8924.BOIRB.BOIRB.NSISHITADR.BOISTRNETWK.BOITC.BOITC.NSITDCEM.BOITDCEM.NSIVC.BOIVC.NSIVRCLINFR.NSIVRCLINFRA.BOIVRCLINFRA6.BOIZMO.BOJ&KBANK6.BOJ301G-MF.NSJAGJANANI.BOJAGRAN.NSJAGSNPHARM.BOJAIBALAJI-BE.NSJAICORPLTD.BOJAIHINDS.BOJAINEX.BOJAINSTUDIO.BOJAMNAAUTO.NSJASCH.BOJAYAGROGN.BOJAYAGROGN.NSJAYENGY.BOJAYNECOIND-EQ.NSJAYSREETE.NSJAYTEX.BOJBCHEPHARM.BOJBFIND.BOJBMA.NSJCTEL.BOJEMINDU.BOJENSONICOL-EQ.NSJETAIRWAY.NSJETAIRWAYS.BOJETAIRWAYS4.BOJETAIRWAYS6.BOJFLABS.BOJHS-BE.NSJHS-BZ.NSJHS.BOJHS.NSJINDALSTEL-EQ.NSJINDALSTEL.BOJINDALSTEL4.BOJINDHOT.BOJINDRILL.NSJISLJALEQS-EQ.NSJISLJALEQS.BOJKCEMENT.NSJKLAKSHMI.BOJKPHARMA.BOJKTYRE.BOJKTYRE.NSJMA-BE.NSJMFINANCIL-EQ.NSJMFINANCIL.BOJMTAUTOLT.NSJMTAUTOLTD.BOJOGENG.BOJOONKTOLL1.BOJORDENG-B.BOJOYREALTY.BOJPASSOCIA.NSJPASSOCIAT.BOJPASSOCIAT4.BOJPINFRATEC4.BOJPPOWER.BOJPPOWER.NSJSTL.BOJSWENERGY.NSJSWENERGY4.BOJSWSTEEL-P2.NSJSWSTEEL.BOJSWSTEEL.NSJTLINFRA.BOJUBLFOOD.BOJUBLFOOD.NSJUNIORBEES.BOJUSTDIAL.BOJVLAGRO.BOJVLAGRO.NSJYOTHYLAB.NSJYOTI.BOJYOTIOVR.BOJYOTIRES.BOJYOTISTRUC-EQ.NSKABRADG.BOKABRAEXTR.NSKABRAEXTRU-EQ.NSKABRAEXTRU.BOKADCONS.BOKAILASH.BOKAKATCEM6.BOKALINDEE.NSKALLAM.BOKALPATPOW.NSKALPATPOWR.BOKANDAGIRI.BOKANELIND.BOKANPRPLA.BOKANSAINER.BOKANSAINER.NSKAPPH.BOKARMAENG-BE.NSKARMAENG.BOKARMAENG.NSKARNAALF.BOKARTKIN.BOKARURVYSY.NSKARURVYSYA.BOKAYCEEI.BOKBSINDIA.BOKCP.NSKCPSUGIND.BOKCPSUGIND.NSKDJHRL.BOKEC.BOKECL.BOKECL.NSKEI.NSKELENRG.BOKELLTONTEC.BOKEMROCK-EQ.NSKEMROCK.BOKEMROCK.NSKEMROCK6.BOKERALAYUR.BOKESARENT.NSKESORAMIN.NSKESORAMIND.BOKEWIND.BOKFA-EQ.NSKFA.BOKFA6.BOKFBL.BOKGNAGRO.BOKGNENT6.BOKHAITANEL.NSKHAITANELE-EQ.NSKHAITANELE.BOKHNDHER.BOKICL.BOKIDUJA.BOKIL.BOKIL.NSKILBURN.BOKILITCH.NSKILLICK.BOKINETICENG.BOKINGSINFR.BOKIRELECTS.BOKIRLMU.BOKIRLOSENG.BOKIRLOSENG.NSKIRLOSENG6.BOKITEX.NSKITPLYIND-BZ.NSKJMCCORP.BOKKALPANAIND.BOKLBRENG-B.BOKLBRENGBBPH.BOKLGCAP.BOKLYNCEM.BOKMFBLDR.BOKMSUGAR.BOKNDENGT.BOKNIWE.BOKOFFBREAK.BOKOHINOOR.NSKOHINOORT.BOKOKUYOCMLN-BE.NSKONTY.BOKOPRAN.BOKOPRAN.NSKOPRAN6.BOKOTAKBANK-IL.NSKOTAKBANK.BOKOTAKBANK.NSKOTAKBANK6.BOKOTAKGOLD.NSKOTAKNIFT.NSKOTAKPSUBK.BOKOTARISUG.NSKOTHARIFIN.BOKOTHARIPR.NSKOVAI.BOKPIT.BOKPIT.NSKPRMILL.BOKPRMILL.NSKRATOSENER.BOKRBL.BOKRBL.NSKREBSBIO.BOKRISFEP.BOKRISHNA.BOKRISHNACAP.BOKRISHNAENG-BE.NSKRISHNAENG-EQ.NSKRISOEL.BOKRITIIND.BOKRITINUT.BOKRYPTONQ.BOKSBPUMPS.NSKSCL.BOKSCL.NSKSERASERA.NSKSHITIJ.BOKSK-BE.NSKSK.NSKSK6.BOKSL.NSKSLIND.BOKTIL.NSKTKBANK.BOKTKBANK.NSKTKSENSEX.BOKUBERFN.BOKUBERJI.BOKULKPOWT.BOKUNALOVE.BOKUSUMEL.BOKUTCSAL.BOKWALITY.BOKWALITY.NSKYRALANDS.BOL&TFH.NSLABHCON.BOLAKSELEC.BOLAKSHMIEF.NSLAKSHMIEFL-EQ.NSLAKSHMIMIL-EQ.NSLAKSHMIO.BOLAKSHVILA.NSLAKSHVILAS.BOLALITPL.BOLAMBODHARA.BOLANCORHOL.BOLANDMARC.BOLAOPALA.NSLAURLOR.BOLEENEE.BOLFIC-BE.NSLIBERTSHOE.BOLICHSGFIN.BOLICHSGFIN.NSLICNMFET-EQ.NSLINCOPH.BOLINTAS.BOLIQUIDBEE.NSLIQUIDBEES.BOLITL.BOLITL.NSLKPFIN.BOLLOYDELEN.NSLLOYDELENG-BE.NSLLOYDELENG.BOLLOYDELENG6.BOLLOYDSME.BOLOKESHMAC.NSLOKESHMACH-BE.NSLOKESHMACH.BOLORDSCH.BOLORDSCHLO.BOLOTUSEYE-BE.NSLOTUSEYE.BOLOTUSEYE.NSLOVABLE.NSLOYAL.BOLT.BOLT.NSLT4.BOLUMAXAUTO-BE.NSLUMAXAUTO.BOLUMAXAUTO.NSLUMAXIND.BOLUMAXIND.NSLUMAXTECH.BOLUPIN.BOLUPIN.NSLYKALABS.BOLYKALABS.NSM100.NSM50.BOMAANALU-BE.NSMAANALU.BOMACINTR.BOMADHAV-BE.NSMAGMA.NSMAGNA.BOMAHAPEXLTD.BOMAHASHR.BOMAHAXPO.BOMAHINDUGI.NSMAHSCOOTER.BOMAISF.BOMAITHANALL-BE.NSMAITHANALL.BOMAJESCO-BE.NSMAJESCO-EQ.NSMAKE-BE.NSMAKE-EQ.NSMALLCOM.BOMALUPAPER.BOMALVICAE.BOMANAKCOAT-EQ.NSMANAKSIA.BOMANAKSIA.NSMANALIPETC-EQ.NSMANAPPURA.NSMANAPPURAM.BOMANAPPURAM6.BOMANGALAM.BOMANGALAM.NSMANGLMCEM.BOMANGLMCEM.NSMANORG.BOMARALOVER.NSMARICO.NSMARKSANS.NSMARUTI-IL.NSMARUTI.BOMARUTI.NSMASL.BOMASTEK.BOMASTEK.NSMAXHEIGHTS.BOMAXWELL.BOMAYURUNIQ.BOMBECL-BE.NSMBECL.BOMBECL.NSMCDOWELL-.NSMCDOWELL-N-EQ.NSMCLEODRUSS6.BOMCNALLY.BOMCX.BOMCX.NSMCX6.BOMEGH-BE.NSMEGH.BOMEGH.NSMEGH6.BOMENONBE-EQ.NSMETKORE-BE.NSMGOLD-EQ.NSMGOLD.BOMHRIL.NSMIC.NSMIDVAL.BOMINDACORP-EQ.NSMINDTECK.BOMINDTREE.BOMINDTREE6.BOMINTAGE.BOMIRCELECT.NSMIRCELELR.BOMIRZAINT.BOMIRZAINT.NSMISHKA.BOMITCON-SM.NSMITL.BOMJCO.BOMKEXIM.BOMMTC.BOMMTC.NSMNSGOIL.BOMODERN.BOMOIL.NSMOLDTKPAC.BOMONEL.BOMONGIPA.BOMONNETISP.NSMONNETISPA.BOMONSANTO.BOMOONB.BOMOREPENLAB.BOMORINOV.BOMOSERBAER.NSMOTHERSUMI-EQ.NSMOTHERSUMI.BOMOTILALOF.NSMOTILALOFS-BE.NSMOTILALOFS-EQ.NSMOTILALOFS.BOMOTOROLSP.BOMPSLTD-EQ.NSMRF.BOMRF.NSMRO-IT.NSMRO-TEK-EQ.NSMRPL.BOMRPL.NSMRPL4.BOMRUTIOR--.BOMTEDUCARE6.BOMTNL.NSMTZPOLY.BOMUDRA-EQ.NSMUDRA.BOMUKANDENG.NSMUKANDENGG.BOMUKANDLTD.BOMULCOFF.BOMUNJALAU.BOMUNJALAU.NSMUNJALSHO.NSMURLIIND.NSMVL.BOMYSOREBAN.NSMYSOREBANK.BOMYSOREBANK6.BON100.BON100.NSNAGAAGRI.BONAGAROIL-EQ.NSNAGAROIL.NSNAGREEKEX.NSNAHARCAP.BONAHARINDUS-EQ.NSNAHARSPIN.NSNAKODA.BONALINLEA.BONAMTECHELE.BONAOLINEN2.BONAPL.BONATCOPHARM-BE.NSNATCOPHARM-EQ.NSNATCOPHARM.BONATHBIOGEN.BONATHPULP.BONATIONALU.NSNATIONALUM4.BONATPLAS.BONATUSTO.BONAUKRI.BONAUKRI.NSNAUKRI6.BONAVNETEDUL.BONAVNETEDUL6.BONCLIND.BONCLIND.NSNDL.BONECCLTD.BONELCO.NSNEOCORP.NSNEPCMICON.BONEPTEXP.BONESCO.NSNESTLEIND.NSNETTLINX.BONETWORK18.BONEULANDLA.NSNEXTMEDIA.BONEXUSCOMMO.BONGCT-BE.NSNHCFOODS.BONHPC.NSNICCOUCO.BONIFTYBEES.NSNIFTYEES-EQ.NSNIFTYEES.BONIITLTD.BONIITLTD.NSNIITTECH.NSNILKAMAL.BONILKAMAL.NSNIRVIKARA.BONITCO.NSNITESHEST.BONITESHEST.NSNITINFIRE.BONITINFIRE.NSNMDC.NSNOBLEXP.BONOCIL.BONOIDATOLL.BONOIDATOLL.NSNOIMC.BONOL.NSNORBTEAEX.NSNORBTEAEXP-EQ.NSNORBTEAEXP.BONORRIS.BONORTHLINK.BONOVAPUB.BONOVARTIND.BONRAGRINDQ.BONTPC.NSNTPC6.BONUCLEUS.BONUCLEUS.NSNUMEM.BONUMUP.BONUTEK-BE.NSNUTEK.BONUTRAPR.BONUWAY.BOOASIS.BOOASISEC.BOOASISME.BOOASISTEX.BOOBEROIRLT.NSOBEROIRLTY-EQ.NSOBEROIRLTY.BOOBIL.BOOBRSESY.BOOCEAGRO.BOOCENINFR.BOOCL.BOOCL.NSOCTAL.BOOCTAVE.BOODVDC.BOODYCORP.BOODYSSEY.BOOFSS.BOOFSS.NSOFSS4.BOOFSS6.BOOIL.NSOIL4.BOOIL6.BOOILCOUNTU.NSOISL-BE.NSOISL.BOOISL.NSOJASASSET.BOOKPLA.BOOLPCL.BOOLYMPTX.BOOLYOI.BOOMANSH.BOOMAXAUTO.NSOMAXE.NSOMAXE6.BOOMEAG.BOOMEGAIN.BOOMEGALAB.BOOMKAR.BOOMKARCHEM.BOOMKARCHEM.NSOMKARPH.BOOMMETALS.BOOMMETALS.NSOMNDE.BOOMNIAX.BOOMNITECH.BOOMNITECH.NSOMNITEX.BOONELIFECA.NSONELIFECAP.BOONGC.BOONGC.NSONGC4.BOONGC6.BOONIDA.BOONIDSAK.BOONMOBILE.BOONMOBILE.NSONTRACK.BOONWARDTEC.BOONWARDTEC.NSOONE.BOOPAL-SM.NSOPCHAINS.BOOPTIEMUS.BOOPTOCIRCU.NSOPTOCIRCUI4.BOORBIT.BOORBITCORP-BE.NSORBITCORP.NSORBITPL.BOORBTEXP-EQ.NSORBTEXP.BOORBTEXP.NSORCHIDCHE.NSORCHIDCHEM-BE.NSORCHIDCHEM-EQ.NSORCHIDCHEM6.BOOREXTR.BOORGINFO.BOORIACID.BOORICON.BOORICONENT-EQ.NSORICONENT.NSORIENTABR.NSORIENTABRA-EQ.NSORIENTABRA.BOORIENTALT.NSORIENTALTL-EQ.NSORIENTBAN.NSORIENTBANK.BOORIENTBANK4.BOORIENTBEL.NSORIENTBELL-BE.NSORIENTBELL.BOORIENTCEM-EQ.NSORIENTCEM.NSORIENTCQ.BOORIENTHOT-BE.NSORIENTHOT.BOORIENTHOT.NSORIENTLTD-EQ.NSORIENTLTD.BOORIENTLTD.NSORIENTPPR.BOORIENTPPR.NSORIENTPPR6.BOORIENTREF-BE.NSORIENTREF.BOORIENTREF.NSORINEXP.BOORINTIN.BOORIPROLTD.BOORIQUAL.BOORISSAMIN.NSORISSASP.BOORNTSYN.BOOROSMITHS.BOORSIND.BOORTEL-BE.NSORTEL-EQ.NSORTEL.BOORTEL.NSORTIN.BOORTINLAABS.BOORTINLABSS-EQ.NSOSCAR.BOOSCARGLO.BOOSEASPR.BOOSIAIND.BOOSSWM.BOOSWALAGRO.BOOSWALEA.BOOSWALMIN.NSOSWAYRN.BOOTCO.BOOTOKLIN.BOOUDHSUG-BE.NSOUDHSUG.BOOUDHSUG.NSOVOBELE.BOOXIDE.BOPADAMCO.BOPAEL-BE.NSPAEL.BOPAGEIND.NSPALCRED.BOPANAENERG.BOPANASONIC.BOPANCHSHEEL-EQ.NSPANCHSHEEL.BOPANELEC.BOPANKAJPIYUS.BOPANORAMUNI-EQ.NSPANORAMUNI.BOPARAL.BOPARHOSG.BOPARKERAC.BOPARNAXLAB.BOPARRYSUGAR.BOPARSVNATH.BOPARSVNATH.NSPARTANI.BOPASUPTAC.BOPATELENG-BE.NSPATELENG.BOPATELENG.NSPATELENG6.BOPATELSAI.BOPATHEJA-B.BOPATINTLOG.NSPATSPINLT.NSPAUSHAKLTD.BOPBAINFRA.BOPCICHEM.BOPDSMFL.BOPEARLAGRI.BOPEARLELEC.BOPECOS.BOPEL.BOPEL.NSPEL4.BOPELTD.BOPENARINBBPH.BOPENIND.BOPENIND.NSPENPEBS-BE.NSPENPEBS-BT.NSPEPL.BOPEPL.NSPERSISTENT.BOPETPLST.BOPETRONENG.NSPETRONENGG-BE.NSPETRONENGG.BOPETRONET-IL.NSPETRONET.NSPFC.BOPFC.NSPFIZER.NSPFS.BOPGEL.BOPGHH.NSPHELAPP.BOPHILIPCAR.NSPHILIPCARB.BOPHOENIXLL.BOPHOENIXLTD6.BOPHOTON.BOPICCADIL.BOPIDILITIND.BOPIIND.BOPILANIINV.NSPILITA-EQ.NSPINEANIM.BOPIONAGR.BOPIONEEREMB-BE.NSPIONEEREMB-EQ.NSPIONEEREMB.BOPIPAVAVDO.NSPIPAVAVDOC.BOPIPAVAVDOC4.BOPITTILAM.NSPKTEA-EQ.NSPLETHICO-BZ.NSPMCFIN.BOPML.BOPNB-EQ.NSPNB.BOPNB.NSPNC.BOPNEUMATIC-EQ.NSPNTKYOR.BOPOEL.BOPOKARNA.BOPOLYSPIN.BOPONDYOXIDE-EQ.NSPONDYOXIDE.BOPOOJAENT.BOPOONADAL.BOPOPULARES.BOPORWAL.BOPOWERGRID.BOPOWERGRID.NSPOWERHOUSE.BOPOWERMECH-EQ.NSPPAP.BOPPAP.NSPRADIP.BOPRAENG-BE.NSPRAENG.NSPRAENG6.BOPRAJIND.NSPRAKSOV.BOPRECISIO.BOPRECWIRE.BOPREMEXPLQ.BOPRESSMN-BE.NSPRESSMN-EQ.NSPRESSMN.BOPRESTIGE6.BOPRIMAGR.BOPRIMAPLA.BOPRIMESECU-BE.NSPRIMESECU.NSPRISMCEM.NSPRISMMEDI.BOPRITHVISOF-EQ.NSPRITHVISOF.BOPRIYANK.BOPROVOGE.BOPTC.BOPTC.NSPUNEETRE.BOPUNJCOMMU.BOPUNJLLOYD.BOPUNJLLOYD.NSPVR.BOQGOLDHALF.NSQUASAR.BORAASIENT.BORADAAN-BE.NSRADHEDE.BORAFL.BORAGHAVAEPL.BORAIN.BORAIN.NSRAJESHEXPO-EQ.NSRAJESHEXPO6.BORAJOIL.BORAJOIL.NSRAJOOENG.BORAJPALAYAM.BORAJPUTANA.BORAJRAYON-BE.NSRAJSREESUG.BORAJTUBE.BORALLIS.NSRAMAVISION.BORAMKY.BORAMSARUP.NSRANBAXY.BORANBAXY.NSRANBAXY4.BORANCC.BORANEENGINE-BE.NSRANEENGINE.BORANJEEV.BORAPICUT.BORASANDIK.BORASHELAG.BORASOYPR.BORATNAMAGRO.BORAUNAQINTL.BORAYMOND.NSRCAPBUILAD.BORCAPBUILAG.BORCF.BORCF.NSRCLEDIIADD.BORCLEDIIADG.BORCLENDIIAD.BORCLENDIIAG.BORCOM.BORCOM.NSRDBRL.BORECLTD.BORECLTD.NSREDINGTON.BOREGENTRP.BOREIAGROLTD.BOREIAGROLTD6.BOREILELEC.BORELAXO.NSRELBANK.BORELBANK.NSRELCAPITA.NSRELCAPITAL.BORELCNX100.BORELGOLD.BORELGOLD.NSRELGRNIFTY-EQ.NSRELIANCE.BORELIANCE.NSRELIGARE.NSRELINFRA.BORELINFRA.NSREMIEDEL.BOREMIELEK.BORENUKA.BORENUKA.NSREVAORG.BOREVATHI.BORHUTUDY.BORIBATEX.BORICHUNV.BORICOHQ.BORIDDHI.BORJL.BORJNIEXT.BORKFORGE.NSRMCHEM.BORMCL-BE.NSRMGALLOY.BOROCKONFIN.BOROHLTD-BE.NSROHLTD.BOROHLTD.NSROLCOEN.BOROLTA.NSROSELABS.BORPIL.BORPOWER.BORPOWER.NSRPPINFRA.BORSYSTEMBBPH.BORTNINFRA-EQ.NSRTNPOWER-EQ.NSRTNPOWER.BORUBFILA.BORUCHIRA.BORUCHIRA.NSRUCHISOYA.BORUCHISOYA.NSRUCHISTR.BORUIAAQA.BORUPA.BORUSHIL.BOSABERORGA.NSSABTN.NSSADBHAV.BOSADBHAV.NSSADBHAV6.BOSAHARA.BOSAHLIBHFI.BOSAHPETRO-BE.NSSAHPETRO.BOSAIBABA.BOSAICOM.BOSAIL.BOSAIL.NSSAIL4.BOSAIL6.BOSAINDUS.BOSAINIK.BOSAINTGOBAIN.BOSAKSOFT.BOSAKTHIFIN.BOSAKUMA-BE.NSSALORAINT.NSSALSTEEL.NSSALZER.BOSAMARTHI.BOSAMPRE.BOSAMRATPH.BOSAMTEL.BOSANCTRN.BOSANDESH.NSSANDUMA.BOSANDUPHQ.BOSANGHIIND.BOSANGHVIFO.NSSANGHVIFOR.BOSANINFRA.BOSANOFI-BL.NSSANOFI-BT.NSSANRAA.BOSANWARIA.BOSANWARIA.NSSAPL.BOSARDAEN.BOSARDAEN.NSSASKEN.NSSATGAGR.BOSATIN.BOSATKAR.BOSAUMYA.BOSAVFI.BOSAVINFOCO.BOSBBJ.BOSBIGETS.BOSBIGETS.NSSBIN.BOSBIN.NSSBIN6.BOSBT.BOSBTL.BOSCANPGEOM.BOSCHNEIDER-BE.NSSCHNEIDER.NSSCI.BOSCI.NSSCI4.BOSCI6.BOSDBL.NSSEAMECLTD-BE.NSSEASTAG.BOSEATV.BOSEINV6.BOSELAN.NSSELMCL.NSSEOFIDD.BOSEOFIIDR.BOSEPSL.BOSEQUELE.BOSERVOTEC.BOSETCO.BOSETFBSE100.BOSEYAIND.BOSFCL-EQ.NSSGLOBEX.BOSH-ANJY.BOSHACIDS.BOSHAHALLOYS.BOSHALINI.BOSHARDA.BOSHARDAMOTR-EQ.NSSHARONBIO.BOSHARP.BOSHEMAROO-EQ.NSSHEMAROO.NSSHHARICH.BOSHIAE.BOSHILPAMED.NSSHILPI.BOSHIV-VANI-BE.NSSHIV-VANI-EQ.NSSHIV-VANI.BOSHIV-VANI.NSSHIV-VANI6.BOSHIVAAGRO.BOSHIVAMAUT.NSSHIVAPPR.BOSHK.BOSHNALUM.BOSHOPERSTOP.BOSHRAJOI.BOSHREEAJIT.BOSHREEASHT.NSSHREEASHTA-BE.NSSHREEASHTA-EQ.NSSHREEASHTA.BOSHREEASHTA6.BOSHREECEM.BOSHREECEM.NSSHREERAM.BOSHREESEC.BOSHREETULSI.BOSHRENUJ.NSSHRIASTER-EQ.NSSHRIGANG.BOSHRINIWAS.BOSHRIRAMCI.NSSHRIRAMCIT.BOSHRIRAMCIT6.BOSHRIRAMEP.NSSHRIRAMEPC-BE.NSSHUKUN.BOSIBARMED.BOSIEL.BOSIEMENS.BOSIEMENS.NSSIGNET-EQ.NSSIGNETIND.NSSIICL.BOSIKA.BOSIL.BOSILVERO.BOSINDHUTRAD.BOSINTEX.BOSINTEX.NSSIRPAPER.NSSITAENT.BOSIVI.BOSIYSIL.BOSJVN.BOSJVN.NSSKIPPER-EQ.NSSKMEGGPRO.NSSKMEGGPROD-EQ.NSSKPSEC.BOSKSMICRO.BOSKSMICRO.NSSKYSS.BOSMENER.BOSMIFS.BOSML.BOSMPL.NSSMPL6.BOSMPLXTR.BOSMRUTHI.BOSMSPHARMA.NSSNOWCEMIND.BOSNOWMAN.BOSOASMUS.BOSOBHA.NSSOBME.BOSOFTRAKT.BOSOLARINDS.NSSONASTEER-BE.NSSONASTEER.BOSONATSOFTW.BOSOTL.NSSOUISPAT.BOSOUISPAT.NSSOUTHBANK.NSSPARC.BOSPARC.NSSPARC6.BOSPECIALIT.NSSPECIALITY.BOSPICEISL.BOSPICEJET.BOSPICEMOBI-EQ.NSSPLIL.BOSREERAYA.BOSREESAKHTI.BOSREINFRA.NSSRF.NSSRGHFL.BOSRHHYPOLT.NSSRIMT.BOSRIOMTR.BOSRMENERGY.BOSSFORMT.BOSSLFINANCE.BOSSLT-EQ.NSSSLT.BOSSORGS.BOSTAR-IL.NSSTAR.NSSTARELE.BOSTARVOX.BOSTBKOFTRALR.BOSTCINDIA.BOSTCINDIA.NSSTDSHOE.BOSTEELTUBES.BOSTEELXIND.BOSTEELXIND1.BOSTERLINBIO.BOSTEWARTQ.BOSTHINPA.BOSTINDIA.BOSTONEIN.BOSTOREONE.BOSTOREONE.NSSTOVACQ.BOSTRGRENWO.BOSTRTECH.BOSTRTECH.NSSTYABS.BOSUBEX.BOSUBEX.NSSUCROSA.BOSUDARSCHEM.BOSUGALDAM.BOSUGAT.BOSUJANATWR-EQ.NSSUJANATWR.BOSUJANAUNI-BE.NSSUJANAUNI.BOSUMEETINDS-EQ.NSSUNBRIGHT.BOSUNDRMFAST.BOSUNDYEX.BOSUNEARTH.BOSUNFLAG.NSSUNGRAN.BOSUNILAGR.BOSUNILHITE.NSSUNILHITEC-BE.NSSUNILHITEC-EQ.NSSUNLOC.BOSUNPHARMA.BOSUNPHARMA.NSSUNRAJDI.BOSUNSHINE.BOSUNTECHNO.BOSUNTECK.NSSUNTV.BOSUNTV.NSSUPER.NSSUPERIA.BOSUPRAJIT.NSSUPREMEIN.NSSUPREMEINF-BE.NSSUPTANERY.BOSURANAT&P-BE.NSSURANAT&P.BOSURANAT&P.NSSURYALAXM.NSSURYAROSN.NSSUVEN.BOSUVEN.NSSUZLON-BE.NSSUZLON.BOSUZLON.NSSUZLON4.BOSUZLON6.BOSVARTCORP.BOSVCRES.BOSVOGL-EQ.NSSVOGL.BOSVRNAQU.BOSWADEIN.BOSWADPOL.BOSWAGRO.BOSWANENERG.NSSWANENERGY.BOSWARAJAUTO.BOSWARAJENG.NSSWELECTES.BOSWELECTES.NSSWISSGLA.BOSWOEF.BOSWRNASE.BOSYNCOMF.BOSYNDIBANK.NSSYNGENE-EQ.NSSYPAGFD.BOTAIIND.BOTAINWALCH.NSTAINWALCHM-BE.NSTAJGVK.BOTAKE.BOTAKE.NSTALBROSENG.BOTAMBOLI.BOTANAA.BOTANLA.BOTANLA.NSTARAPUR.BOTATACHEM.BOTATACHEM.NSTATACOFFE.NSTATACOFFEE.BOTATACOMM.NSTATAELXSI.BOTATAELXSI.NSTATAELXSI6.BOTATAGLOBAL.BOTATAMOTOR.NSTATAMOTORS.BOTATAMTRDVR.BOTATAPOWER.NSTATASTEEL.BOTATASTEEL.NSTBZ.BOTCI.BOTCI.NSTCIFINANCE.BOTCS.BOTCS.NSTCS6.BOTECHFOR.BOTECHIN-BE.NSTECHM.BOTECHM.NSTECHNO.BOTECHNO6.BOTECHNOFAB.BOTECPRO-BE.NSTECPRO.NSTEEAI.BOTEXMOPIPES.BOTEXPI.BOTEXRAIL.BOTEXRAIL.NSTFCILTD-BE.NSTFCILTD.BOTFCILTD.NSTFL-EQ.NSTGBHOTELS-EQ.NSTGBHOTELS.BOTGBHOTELS6.BOTHAES.BOTHERMAX.NSTHIRDFIN.BOTHIRINFRA.BOTHIRUSUGAR-BE.NSTHIRUSUGAR.BOTHOMASCOOK.BOTHOMASCOTT-EQ.NSTI.BOTIDEWATER.BOTIDEWATER.NSTIIL.NSTIJARIA.BOTIL.BOTILAKFIN.BOTIMETECHN.NSTINPLATE.BOTIRUFIN.BOTITAN.BOTITAN.NSTNPETRO6.BOTNPL.NSTNPL6.BOTOBUENT.BOTOKYOPLAST.BOTOPMEDIA.BOTORNTPHAR.NSTORNTPHARM.BOTOTEX.BOTOWELIN.BOTRABI.BOTRANSAG.BOTRANSASIA.BOTREEHOUSE.BOTREEHOUSE.NSTREEHOUSE6.BOTRENDELEC.BOTRENT.BOTRENT.NSTRF.NSTRICOM.NSTRIDENT.BOTRIDENT.NSTRIGYN.BOTRILOGIC.BOTRIMURTHI.BOTRIPEXO.BOTRIUMPIN.BOTRIVENI-BE.NSTRIVENI.NSTRIVENIENT.BOTRNSPEN.BOTTKHEALTH.NSTTKPRESTIG.BOTTML.BOTTML.NSTUBEINVES.NSTUBEINVEST.BOTUBEINVEST6.BOTULASEEBIOE.BOTULSI-BE.NSTULSI.NSTULSYAN-BE.NSTUMUSEL.BOTUNITEX.BOTUTIALKA.BOTUTIS.BOTV18BRDCS.NSTV18BRDCST.BOTVSELECT-BE.NSTVSELECT.BOTVSELECT.NSTVSMOTOR.NSTVSSRICHAK.BOTWILITAKA.BOTWIROST.BOTWL.BOTWL.NSTWPL.BOUBEINDL.BOUBENGG-BE.NSUBENGG-BZ.NSUBENGG.BOUBENGG.NSUBHOLDING.NSUBHOLDINGS6.BOUBL.NSUBL4.BOUBL6.BOUCALFUEL.BOUCALFUEL.NSUCOBANK.BOUCOBANK.NSUCOBANK4.BOUCOBANK6.BOUDAICEMENT.BOUFLEX.BOUFO-EQ.NSUFO.NSUFTFGR12PX-MF.NSUGHOR.BOUJAAS-BE.NSUJAAS-EQ.NSUJAAS.BOUJAAS.NSUKBCCP3RG-MF.NSULTRACAB.BOULTRACEMC.NSULTRACEMCO.BOULTRACEMCO4.BOUMAMAHM.BOUMANGDAIR.BOUMESLTD-BE.NSUMESLTD-EQ.NSUMESLTD.BOUMESLTD.NSUMREAGR.BOUNIABEXAL.BOUNIAUTO.BOUNICHEMLA.NSUNICHEMLAB.BOUNICORN.BOUNICRSE.BOUNIDT.BOUNIENTER-BE.NSUNIENTER.NSUNIIN.BOUNIJOLL.BOUNIMEDIA.BOUNIMERQ.BOUNIMININ.BOUNIMOVR.BOUNIOFFICE.BOUNIONBANK.BOUNIONBANK.NSUNIONBANK4.BOUNIONBANK6.BOUNIONBE.BOUNIPHOS.BOUNIPHOSLR.BOUNIPLY-EQ.NSUNIPLY.BOUNIQEST.BOUNIQUEO.BOUNIRLEA.BOUNIROYAL.BOUNISH.BOUNISHIRE.BOUNISTRMU.BOUNITDCR.BOUNITDSPR.BOUNITDSPR4.BOUNITDSPR6.BOUNITECH.BOUNITECH.NSUNITECH4.BOUNITECH6.BOUNITEDBNK.BOUNITEDBNK.NSUNITEDBNK6.BOUNITEDTE.BOUNITEDTEA-EQ.NSUNITY-BE.NSUNITY.BOUNIVARTS.BOUNIVCABLE.NSUNIVCABLES-BE.NSUNIVPRIM.BOUNIVSTAR.BOUNIWSEC.BOUNJHAFOR.BOUNOINDL.BOUNQTYMI.BOUNRYLMA.BOUNTTEMI.BOUPERGANGE.NSUPERGANGES.BOUPHOT.BOUPL-EQ.NSUPL-IL.NSUPL.BOUPL6.BOUPLBBPH.BOUPMINRL.BOUPSURGE.BOURODMPXIX6-MF.NSURORGRXIX6-MF.NSURORMPXIX6-MF.NSUSGTECH.BOUSHAINDIA.BOUSHAISPAT.BOUSHAMART.BOUSHAMART.NSUSHAMART6.BOUSHDI.BOUSHERAGRO.BOUSHMAPL.BOUSISP55.BOUTFDAP22P6-MF.NSUTFDGR22P7-MF.NSUTFRAP22P6-MF.NSUTFRFP22P7-MF.NSUTFRGR22P6-MF.NSUTFRGR22P7-MF.NSUTFRMP22P9-MF.NSUTFRQP22P6-MF.NSUTFRQP22P9-MF.NSUTIFEFRGR1-MF.NSUTINIFTETF-EQ.NSUTINIFTETF.BOUTISENSETF-EQ.NSUTISENSETF.BOUTLINDS.BOUTLTD.BOUTRGESSDDP-MF.NSUTTAMSTL.BOUTTAMSTL.NSUTTAMSUGA.NSUTTAMSUGAR-BE.NSUTTAMSUGAR-EQ.NSUTTAMSUGAR.BOUTTAMVALU.NSUTTAMVALUE-EQ.NSUTTAMVALUE.BOUVBOARDS.BOUVDRHOR.BOVAIBHAVGB.NSVAKRANGEE.BOVAL.BOVALECHAEN.NSVALECHAENG.BOVAPIPPR.BOVARDHACRLC-EQ.NSVARDHINDQ.BOVARDMNPOLY.BOVARDWIR.BOVASCONEQ-BE.NSVASCONEQ.BOVASCONEQ.NSVATSAEDU.BOVATSAMUS.BOVBCFERROQ.BOVBCIND.BOVBIND.BOVEDL-EQ.NSVEDL.BOVEDL4.BOVEENATX.BOVENLONENT.BOVENUSREM.NSVENUSUNI.BOVETO-EQ.NSVETO-SM.NSVETO.BOVETO.NSVGUARD.NSVIBROSO.BOVICTENT.BOVIDEOIND.BOVIKASGRAN.BOVIKASWSP6.BOVIMALOIL-EQ.NSVIMALOIL.NSVIMTALABS.BOVIMTALABS.NSVINATIORG.NSVINATIORGA-EQ.NSVIPIND.BOVIPUL.BOVIRNICHIQ.BOVISHALEXPO.BOVISHNU.BOVITANAGRO.BOVIVIDHA-BE.NSVJIL.BOVJLAXMIE.BOVJTFEDU.BOVMS.BOVOITHPAPR.BOVOLGAAIR.BOVOLTAS.NSVOLTM.BOVRL.BOVRLLOG-EQ.NSVRLLOG.BOVRUNAGR.BOVSFPROJ.BOVYVRAUT.BOWABAG.NSWABCOINDIA.BOWALCHANNA.NSWARRENTEA.BOWEBELSOLA.NSWEBELSOLAR-BE.NSWEBELSOLAR.BOWEIZFOREX-BE.NSWELCORP.BOWELCORP.NSWELENT.BOWELENTRP-BE.NSWELENTRP-EQ.NSWELINV.BOWELPROJ.BOWELSPUNENT.BOWHIRLPOOL.BOWHIRLPOOL.NSWHIRLPOOL6.BOWINYCOMM.BOWIPRO.BOWIPRO.NSWIREFABR.BOWOCKPHARMA-EQ.NSWOCKPHARMA.BOWOMENNET.BOWONDERLA-BE.NSWONDERLA-EQ.NSWONDERLA.BOWYETH6.BOXCLGLASS.BOXLENERGY.BOXLENERGY.NSYESBANK.BOYESBANK.NSYOGYA.BOYORKEXP.BOZAMBISLK.BOZBIHAAIR.BOZDHJERK.BOZDIGIELE.BOZEEENTBBPH.BOZEEL.BOZEEL.NSZEEL4.BOZEEL6.BOZEEMEDIA.BOZEETF6.BOZENIFIB.BOZENITHBIR.BOZENITHCOMP.BOZENITHEXP.NSZENITHEXPO-EQ.NSZENITHEXPO.BOZENSARTEC.NSZENTEC.BOZETFM6.BOZGOLKOND.BOZGOVPOOX.BOZHINUDYP.BOZICOM-BE.NSZKHANDEN.BOZKHATAUE.BOZSOMAIYO.BOZSVTRADI.BOZYLOG.NS